"","value","uncertainty","units"
"ID",NA,NA,"123456"
"COHb evaluation method",NA,NA,"breath"
"COHb in blood",12,0.9464,"%"
"Hb evaluation method",NA,NA,"blood"
"hemoglobin in blood",16,0.7913,"grams/100mL"
"name",NA,NA,"Example"
"gender",NA,NA,"male"
"height",72,0.146,"inch"
"weight",150,0.528,"pound"
"smoker",1,NA,NA
"smoker evaluation method",NA,NA,"status"
"cigarettes",0,0,""
"smoker status",2,0.64,""
"initial COHb in blood",0.75,0,"%"
"pressure evaluation method",NA,NA,"elevation"
"atmospheric pressure",734.9,11.7584,"mmHg"
"elevation",4000,100,"ft"
"exposure duration",240,4.32,"minute"
"exposure activity level",3,0.069,""
"exposure oxygen level",21,0,"%"
"exposure first hand smoke evaluation method",NA,NA,"cigarettes"
"exposure cigarettes smoked",2,0,""
"exposure fraction smoked",0,0,"%"
"exposure CO from smoking",0,0,"ppm"
"exposure second hand smoker",0,NA,NA
"exposure second hand smoke evaluation method",NA,NA,"ppm"
"exposure second hand smoke time",0,0,"%"
"exposure second hand smoke percent",0,0,"%"
"exposure second hand smoke ppm",0,0,"%"
"clearance duration",120,4.368,"minute"
"clearance activity level",1,0,""
"clearance oxygen level",21,0,"%"
"clearance first hand smoke evaluation method",NA,NA,"cigarettes"
"clearance cigarettes smoked",1,0,""
"clearance fraction smoked",0,0,"%"
"clearance CO from smoking",2.847,0.91104,"ppm"
"clearance second hand smoker",0,NA,NA
"clearance second hand smoke evaluation method",NA,NA,"time"
"clearance second hand smoke time",30,0,"%"
"clearance second hand smoke percent",0,0,"%"
"clearance second hand smoke ppm",0,0,"%"
"oxygen therapy duration",60,0,"minute"
"oxygen therapy activity level",0,0,""
"oxygen therapy method",NA,NA,"Oxygen level"
"Nasal Cannula (NC)",1,0,"liter/minute"
"Simple Face Mask (SFM)",8,0,"liter/minute"
"Non-Rebreather (NRB)",10,0,"liter/minute"
"Bag-valve-mask (BVM)",10,0,"liter/minute"
"oxygen therapy oxygen level",80,0,"%"
"oxygen therapy carbon monoxide level",0,0,"ppm"
"employer",NA,NA,"[Employer Name]"
"inspectionNumber",NA,NA,"[Inspection Number]"
"complianceOfficer",NA,NA,"[Compliance Officer]"
"areaOffice",NA,NA,"[Area]"
"region",NA,NA,"0"
"requestDate",NA,NA,"[Request Date]"
"exposureDate",NA,NA,"[Exposure Date]"
